post_id,title,date,type,audience,delivered,opened,unique_openers,open_rate
"184577140","Flipped Food Pyramid Debrief","2026-01-16","podcast","everyone",2168,1158,716,33.03
"184534416","Part I - ChatGPT for Healthcare ""Mind Blown""","2026-01-14","podcast","everyone",2110,1764,993,47.06
"184494257","last minute livestream now","2026-01-13","newsletter","everyone",2095,1266,871,41.58
"184391027","Join Our Flipped Food Pyramid Chronicles Livestream tomorrow","2026-01-13","newsletter","everyone",2084,1390,926,44.43
"184159117","First Principles Decomposition: Why Capital Flows to Drugs Over Food","2026-01-12","newsletter","everyone",2068,1522,918,44.39
"183979512","New Food Pyramid = Design Challenge ","2026-01-09","newsletter","everyone",1991,1546,948,47.61
"183860542","A Flipped Food Pyramid and ChatGPT Health","2026-01-08","newsletter","everyone",1975,2045,945,47.85
"183602861","Healthcare's Nutrition Blindspot Is A Strategic Advantage For Innovators","2026-01-07","newsletter","everyone",1960,1640,934,47.65
"183450025","2026 Predictions (and Ramblings)","2026-01-04","podcast","everyone",1903,1771,970,50.97
"183200196","Join Our Livestream Friday January 2nd @11am ET","2026-01-01","newsletter","everyone",1863,1589,879,47.18
"181532818","THE HEALER‚ÄôS JOURNEY","2026-01-01","podcast","everyone",1862,1626,856,45.97
"182029369","First Principles for Fixing Healthcare Cost","2025-12-20","newsletter","everyone",1723,1493,826,47.94
"181899505","ACA Subsidies Helped Fund A Chronic Disease Epidemic","2025-12-18","newsletter","everyone",1713,1658,849,49.56
"181373328","Recording of Live Debrief with Carter & Ellen","2025-12-12","podcast","everyone",1527,1236,748,48.98
"181373353","LIVESTREAM DEBRIEF Friday at 11am EST to Discuss the New Programs Dropping Daily","2025-12-11","newsletter","everyone",1512,2102,756,50
"178662448","Meanwhile In D.C. A $10-20 Billion Market Is Unfolding","2025-12-10","newsletter","everyone",1499,3164,781,52.1
"181102989","System B's Definition of ""Nutrient Density"" & ""Affordable Nutrition","2025-12-09","newsletter","everyone",1489,1314,755,50.71
"180787354","The New CMS ACCESS Model","2025-12-05","newsletter","everyone",1468,1704,714,48.64
"180555946","Is UPF the Next Tobacco?","2025-12-03","newsletter","everyone",1449,1447,743,51.28
"180458234","Primary Prevention - The Untapped Multi-trillion Market","2025-12-02","newsletter","everyone",1442,1346,662,45.91
"179990335","American College of Lifestyle Medicine During & After","2025-11-26","podcast","everyone",1425,1306,743,52.14
"179869371","Redistributing the Dollars for Human Health","2025-11-25","newsletter","everyone",1424,1400,722,50.7
"179489938","Healthcare's Price Signal Problem","2025-11-21","newsletter","everyone",1416,1324,716,50.56
"178783996","ACLM2025 Virtual Attendance Subscriber Giveaway ","2025-11-14","newsletter","everyone",1388,1275,708,51.01
"178499399","The Healthcare Fix That Makes Health Profitable","2025-11-10","newsletter","everyone",1380,1336,702,50.87
"178385640","Data for the weekend: November 8, 2025 - Healthcare Cost","2025-11-09","newsletter","everyone",1380,1290,678,49.13
"178162690","Will Part of Our Health Remain A Mystery?","2025-11-06","newsletter","everyone",1368,1231,683,49.93
"177929824","Will January 1st Be The Day Healthcare Died?","2025-11-04","newsletter","everyone",1363,1164,696,51.06
"177261519","Data for the weekend: Oct 31, 2025","2025-11-01","newsletter","everyone",1356,1233,730,53.83
"177398894","Houston We Have A Problem","2025-10-29","newsletter","everyone",1341,1268,669,49.89
"177146251","How AI Is Forcing a Century of Food R&D to Compete on Human Outcomes","2025-10-28","newsletter","everyone",1338,1067,609,45.52
"177041156","Data for the weekend: Oct 24, 2025","2025-10-25","newsletter","everyone",1327,1391,688,51.85
"176970598","Initial Market Signals From HLTH 2025 Conference","2025-10-24","newsletter","everyone",1324,1340,695,52.49
"176226169","How to Turn $80 Billion of Food Innovation Into a $3.6 Trillion Market","2025-10-17","newsletter","everyone",1303,1508,677,51.96
"176423695","We‚Äôre Heading to HLTH 2025 Expanding the ‚ÄúFood is Health‚Äù Network","2025-10-17","newsletter","only_paid",59,73,33,55.93
"176286756","Headed to HLTH 2025 - Rise of the Resistance","2025-10-16","podcast","everyone",1297,1199,670,51.66
"176231475","Webinar Today on Florida Farms to Food: Movers & Shakers","2025-10-15","newsletter","everyone",1294,1223,659,50.93
"176068168","Initial Insights - Tufts Food Is Medicine National Summit","2025-10-14","newsletter","everyone",1292,1473,681,52.71
"175833396","Special Sunday Bonus Edition: Resources for $50B Rural Health Transformation Funding Opportunity ","2025-10-12","podcast","everyone",1286,2155,676,52.57
"174933454","ü•ëData for the weekend: Oct 10, 2025","2025-10-10","newsletter","everyone",1285,1139,646,50.27
"175708887","Rural Health Grants: Webinar","2025-10-09","newsletter","everyone",1283,2686,638,49.73
"175581334","Tactics for Supporting States for Rural Health Transformation Funding","2025-10-08","newsletter","everyone",1278,1150,643,50.31
"175488450","$50B Rural Health Transformation Spitball","2025-10-07","podcast","everyone",1273,1113,628,49.33
"175225325","$50B for Rural Health: 20+ Opportunities States Shouldn‚Äôt Miss","2025-10-04","newsletter","everyone",1273,1615,648,50.9
"174752435","Eat like the person you want to be","2025-10-03","newsletter","everyone",1273,1157,640,50.27
"175055451","Work in Progress: Principles of the Food is Health Revolution","2025-10-02","newsletter","everyone",1272,1100,629,49.45
"175057513","New for Our Subscribers: Bring Us Your Food is Health Revolution","2025-10-01","newsletter","everyone",1271,1127,616,48.47
"174981223","Live from Sovereignty Ranch Food Is Medicine","2025-10-01","podcast","everyone",1267,1060,627,49.49
"174565826","A Beacon of Delusional Optimism","2025-09-26","newsletter","everyone",1262,1111,645,51.11
"174480305","On The Road Wellness Debrief","2025-09-25","podcast","everyone",1259,2007,629,49.96
"174382762","How To: Food is Health Long/Short Hedge Fund","2025-09-24","newsletter","everyone",1259,1238,637,50.6
"174296966","Wellness 3.0 Meets the Ozempic Era: What We Learned at CG Wells","2025-09-23","newsletter","only_paid",1255,1092,605,48.21
"173841365","The System C Design Dinner Prototype","2025-09-18","newsletter","everyone",1246,1177,640,51.36
"173831464","Starving to Heal or DIY Healthcare?","2025-09-17","newsletter","everyone",1250,1380,633,50.64
"173689867","It's Not About Incentives - $10T Is In Front of Us","2025-09-16","newsletter","everyone",1256,1191,646,51.43
"173353312","Data for the weekend: Sept 12, 2025","2025-09-13","newsletter","everyone",1252,1129,632,50.48
"173212834","MAHA Strategy Takeaways","2025-09-11","newsletter","everyone",1243,2022,678,54.55
"173228312","The Flip the Switch Moment: Yuka","2025-09-10","newsletter","everyone",1246,1143,585,46.95
"173207999","Breaking News - MAHA Strategy Released","2025-09-09","newsletter","everyone",1240,1406,657,52.98
"173130088","76.4% of Americans Now Have a Chronic Disease - Breaking Down RFK Jr. Testimony ","2025-09-09","newsletter","everyone",1243,1253,658,52.94
"172256457","Data for the Weekend Sept 5, 2025: Cracks in the Chronic Disease Business Model Armor","2025-09-05","newsletter","everyone",1238,1257,630,50.89
"172706143","Wall Street Just Blinked at Food Is Health","2025-09-04","newsletter","everyone",1228,1452,654,53.26
"172582034","When ""Good"" Cottage Cheese Creates a Category","2025-09-03","newsletter","everyone",1224,1697,669,54.66
"172524324","Yep - That Was My Popocorn Bucket","2025-09-02","newsletter","everyone",1223,1183,606,49.55
"172427174","The Metabolic Imperative: A Strategic Framework for the Future of Food","2025-08-31","newsletter","only_paid",1215,1068,597,49.14
"172161951","Data for the Weekend August 29, 2025: Reformulation","2025-08-29","newsletter","everyone",1210,1129,559,46.2
"172133125","How to Fix Processed Food","2025-08-28","newsletter","everyone",1192,2262,630,52.85
"172003187","Let's Move to Activation","2025-08-27","newsletter","everyone",1201,1127,632,52.62
"171965810","Flipping the 3.5% to Turn Daunting to Doable","2025-08-26","newsletter","everyone",1210,1455,629,51.98
"171595043","August 22, 2025 News Bits and Data: Debating labels while influencers reign supreme","2025-08-22","newsletter","everyone",1189,1245,573,48.19
"171511057","Deep Dive: The Week the Path Came Into Focus - Part II","2025-08-21","podcast","everyone",1192,1390,630,52.85
"171400600","Deep Dive: The Week the Path Came Into Focus - Part I","2025-08-20","podcast","everyone",1193,1131,621,52.05
"171308977","When 25 Years Hits Differently","2025-08-19","newsletter","everyone",1182,1097,623,52.71
"171152317","FutureCast: When Healthcare Waste Became Community Wealth","2025-08-17","newsletter","everyone",1176,980,563,47.87
"171012676","Food Is Health: The Week the Path Came Into Focus","2025-08-15","newsletter","everyone",1174,2087,619,52.73
"170941706","A Bright Spot of New Funding for Nutrition via Head Start","2025-08-14","newsletter","everyone",1166,1292,626,53.69
"170838468","C-Span Livestream, Delayed MAHA Report & A Mariachi Band","2025-08-13","newsletter","everyone",1167,1006,619,53.04
"170716417","The Heartland Mart Framework ","2025-08-12","newsletter","everyone",1162,1077,606,52.15
"170457584","Future Cast: The Last Prescription","2025-08-09","podcast","everyone",1153,933,540,46.83
"170082197","August 8, 2025 News Bits and Data","2025-08-08","newsletter","everyone",1146,1060,610,53.23
"170278236","Making Drugs Affordable Again...","2025-08-07","newsletter","everyone",1141,1472,587,51.45
"170212789","Grok Unhingeds Take On Making Health Tech Great Again","2025-08-06","newsletter","everyone",1138,2747,624,54.83
"169455439","Redesigning Medicare?","2025-08-05","newsletter","everyone",1136,1042,596,52.46
"169835334","FutureCast: How America's Public Lands Became the World's Proving Ground for Healthy Beef ","2025-08-02","podcast","everyone",1120,1251,529,47.23
"169621921","August 1, 2025 News Bits and Data","2025-08-01","newsletter","everyone",1112,1217,595,53.51
"169676664","Oreos, Artificial Insemination, and the Coming Split in the Food System","2025-07-31","newsletter","everyone",1114,1016,582,52.24
"169571047","A New Health Tech Ecosystem?","2025-07-30","newsletter","everyone",1114,1142,566,50.81
"169452228","Three-pronged Attack on the Chronic Disease Epidemic","2025-07-29","newsletter","everyone",1110,1178,589,53.06
"169261241","FutureCast: How Nutrition & Heartland Mart Went On to End America's Chronic Disease Epidemic","2025-07-27","newsletter","everyone",1103,1082,516,46.78
"169134593","July 25, 2025 News Bits and Data","2025-07-25","newsletter","everyone",1098,1152,502,45.72
"169088901","Superpower ""World‚Äôs First Health Super-App""","2025-07-24","newsletter","everyone",1093,2815,518,47.39
"168993123","Profoud Study About The Food We Eat & A Stark Reminder","2025-07-23","newsletter","everyone",1091,1034,570,52.25
"168907096","Do People Want to Eat Better?","2025-07-22","newsletter","everyone",1080,1660,571,52.87
"168685511","Future Cast: Food is Health Evolution, Fixing Soil and Food","2025-07-19","newsletter","everyone",1059,979,508,47.97
"168591832","July 18, 2025 News Bits","2025-07-18","newsletter","everyone",1049,1092,548,52.24
"168476008","Farmers Are Lead Actors In Prevention ","2025-07-17","newsletter","everyone",1048,1472,548,52.29
"168433935","Sleep Scores Don‚Äôt Lie","2025-07-16","newsletter","everyone",1047,1092,562,53.68
"168351332","The Food Is Health RFI Response","2025-07-15","newsletter","everyone",1040,1314,532,51.15
"168114170","FutureCast: The Healthspan Revolution: When Living Became Thriving","2025-07-12","newsletter","everyone",1028,824,444,43.19
"168030652","The Two-Front Battle to Make America Healthy","2025-07-11","newsletter","everyone",1023,1185,573,56.01
"167941789","July 10 News Bits: Rural Healthcare After Cuts","2025-07-10","newsletter","everyone",1016,1021,553,54.43
"167822251","We aren't going back","2025-07-09","newsletter","everyone",1011,1180,557,55.09
"167235247","One Big Beautiful Bill or Beautiful Nightmare ""Act""?","2025-07-08","newsletter","everyone",999,1040,499,49.95
"167180463","FutureCast: Heartland Mart - How A Dollar Store Chain Revolutionized American Health","2025-07-05","newsletter","everyone",981,1089,469,47.81
"167176426","July 3 Friday News Bits: Big Beautiful Bill","2025-07-03","newsletter","everyone",981,914,538,54.84
"167235189","HHS RFI - It's Time Our Food Is Health Group ""Speaks Up""","2025-07-02","newsletter","everyone",977,886,469,48
"167001194","Being Healthy Is A Stupid Idea ","2025-07-01","newsletter","everyone",977,891,495,50.67
"166862422","Future Cast: The Great Health Data Liberation","2025-06-28","newsletter","everyone",971,889,484,49.85
"166901644","Friday News Bits: Longevity","2025-06-27","newsletter","everyone",965,966,535,55.44
"166858344","RFK Jrs Vision of Every American With A Wearble w/in 4 Years","2025-06-26","newsletter","everyone",964,1090,505,52.39
"166720828","Eat Real Food, That's What We Do","2025-06-25","newsletter","everyone",961,1202,507,52.76
"166686914","The Viral Fruit Cup Post","2025-06-24","newsletter","everyone",951,926,475,49.95
"166530218","Is the emerging Longevity Market just as bad as Healthcare?","2025-06-23","newsletter","everyone",938,917,507,54.05
"166433667","üìàData For The Weekend: What Happened to the Food and Health of our Youth?","2025-06-21","newsletter","everyone",934,922,522,55.89
"166332480","Friday: Food is Health News Bits 6/20/25","2025-06-20","newsletter","everyone",935,835,486,51.98
"166248091","The Father of Natural Medicine Speaks: Why Toxins, Not Genes, Are Driving the Chronic Disease Epidemic","2025-06-19","newsletter","everyone",931,972,502,53.92
"166195299","Urgently Seeking 50 Primary Care Physicians by July 31","2025-06-18","newsletter","everyone",927,6349,546,58.9
"166118122","Frams: Fresh Local, but No Local ","2025-06-17","newsletter","everyone",916,1432,508,55.46
"166038101","An Ecosystem & Economic Flywheel for System C?","2025-06-16","newsletter","everyone",907,1659,483,53.25
"165893830","üìàData For The Weekend: Hidden Challenges Slowing Food is Health","2025-06-14","newsletter","everyone",904,1087,441,48.78
"165440950","Friday: Food is Health News Bits","2025-06-13","newsletter","everyone",899,828,475,52.84
"165750865","Decoding the FY26 Administration for a Healthy America (AHA) Budget Request for Food‚Äëas‚ÄëHealth Builders","2025-06-12","newsletter","everyone",893,2150,489,54.76
"164884266","The Science of Cellular Rejuvenation Through Fasting-Mimicking Diets","2025-06-11","newsletter","everyone",892,779,473,53.03
"164831824","Your Blood Is Telling You How To Live Longer","2025-06-10","newsletter","everyone",886,798,466,52.6
"164880047","The Farmers Truck Revolution","2025-06-09","newsletter","everyone",881,836,490,55.62
"165383881","üåèData for the Weekend: Chronic Disease Insights from China ","2025-06-07","newsletter","everyone",872,814,436,50
"164908650","Friday: Food is Health News Bits","2025-06-06","newsletter","everyone",869,847,446,51.32
"165123348","Investing in the Soil Health Revolution","2025-06-05","newsletter","everyone",855,2448,465,54.39
"165117857","The Five Forces Toppling the Healthcare System","2025-06-04","newsletter","everyone",847,1408,464,54.78
"165037839","AI‚Äôs Promise and Peril for Food is Health","2025-06-03","newsletter","everyone",844,1005,453,53.67
"164847585","The MAHA Report Criticism","2025-06-02","newsletter","everyone",843,1313,494,58.6
"164846864","üß¨Data for the Weekend: Biomarkers for Longevity","2025-05-31","newsletter","everyone",840,988,464,55.24
"164771165","Social Posts","2025-05-30","newsletter","everyone",838,820,450,53.7
"164637158","When Healthcare Leaves You Stranded","2025-05-29","newsletter","everyone",834,799,441,52.88
"164591041","How I Used AI to Personalize My Heart Disease Risk and Why It Changed Everything","2025-05-28","restack","everyone",809,990,448,55.38
"164512642","What Exactly Should We Eat?","2025-05-27","newsletter","everyone",831,772,426,51.26
"164446794","Enjoy Memorial Day (and some reading?)","2025-05-26","newsletter","everyone",829,792,456,55.01
"164235142","üìàData For The Weekend: ""One, Big, Beautiful Bill"" ","2025-05-24","newsletter","everyone",823,827,420,51.03
"164226962","The Big Beautiful Bill ","2025-05-23","newsletter","everyone",822,872,468,56.93
"164130746","On The Road with Food is Health","2025-05-22","newsletter","everyone",822,1589,435,52.92
"164069839","Standing Room Only In DC","2025-05-21","newsletter","everyone",814,1145,473,58.11
"163945230","AI and My Health Journey: How ChatGPT Helped Me Decode My Blood Sugar Mystery","2025-05-20","newsletter","everyone",811,857,452,55.73
"163903790","Healthcare ""It's Personal"" - But It's Not","2025-05-19","newsletter","everyone",810,1203,450,55.56
"163656026","üìàData for The Weekend: The Bible Tells Us So","2025-05-17","newsletter","everyone",811,895,471,58.08
"163634221","What We Learned by Ellen ""Stepping In It"" Today on Linked In","2025-05-16","newsletter","everyone",802,809,431,53.74
"163584519","Game On - Two RFIs in Healthcare","2025-05-15","newsletter","everyone",788,804,404,51.27
"163512831","Two Headlines. One Underlying Theme.","2025-05-14","newsletter","everyone",784,888,418,53.32
"163436590","Drug Prices Too ""Expletive"" High?","2025-05-13","newsletter","everyone",787,896,424,53.88
"163361878","What Investors and Entrepreneurs should learn from Whoop","2025-05-12","newsletter","everyone",777,782,453,58.3
"163327285","Data For The Weekend","2025-05-11","newsletter","everyone",774,989,427,55.17
"163181892","Could We See A Surgeon General Warning On UPFs?","2025-05-09","podcast","everyone",766,908,430,56.14
"163105831","Inside the Food Is Health Innovation Lab at LIVE 2025","2025-05-08","newsletter","everyone",753,4891,439,58.3
"163031441","New Healthcare Delivery System or Shiny Object?","2025-05-07","newsletter","everyone",743,635,275,37.01
"162763230","Part I - System C - HEALTH(care)","2025-05-06","newsletter","everyone",741,789,411,55.47
"162620982","System B: The Financial Misalignment of Health","2025-05-05","newsletter","everyone",741,667,370,49.93
"162734616","üìàData for The Weekend: The Evolution of Food and Health - Systems A and B","2025-05-03","newsletter","everyone",743,489,267,35.94
"162659997","Study: GLP-1s Lower Healthcare Costs","2025-05-02","newsletter","everyone",738,1087,423,57.32
"162585665","A $20M+ MAHA Commercial Break","2025-05-01","newsletter","everyone",740,965,409,55.27
"162427056","System B: Keep People Alive At Any Cost","2025-04-30","newsletter","everyone",737,755,412,55.9
"162374160","Part II: System A - Inherently Healthy","2025-04-29","newsletter","everyone",737,755,415,56.31
"162293101","Part I: System A, System B & System C of Healthcare","2025-04-28","newsletter","everyone",734,735,406,55.31
"162168797","üìàData for The Weekend: Behavior Change and Health Outcomes","2025-04-26","newsletter","everyone",735,754,399,54.29
"162083408","Prolon Day 3 (Fast Mimicking Diet) ","2025-04-25","newsletter","everyone",736,775,404,54.89
"161984859","The Hottly Debated ""Medicaid Cuts""","2025-04-24","newsletter","everyone",732,1136,404,55.19
"161934877","Food Is Health ""Innovation Lab"" - Join Us","2025-04-23","newsletter","everyone",730,805,407,55.75
"161825657","Beyond Abundance: Eerie Parallels between ""Universe 25"" & Chronic Disease","2025-04-22","newsletter","everyone",726,782,423,58.26
"161768867","Errata: HHS Reimagined: RFK Jr.‚Äôs Bold Plan to Fix Food and End Chronic Disease","2025-04-21","newsletter","everyone",718,1751,426,59.33
"161578998","Disruption at NIH","2025-04-18","newsletter","everyone",710,862,415,58.45
"161578484","Have NIH Priorities Led to Sickcare aka Healthcare?","2025-04-17","newsletter","everyone",710,626,355,50
"161500401","How Did Health Insurance Become The Deathstar?","2025-04-17","newsletter","everyone",713,778,404,56.66
"161409880","Principles of Food Is Health for System C","2025-04-16","newsletter","everyone",713,1242,394,55.26
"161353451","What's Wrong with Healthcare In One Quote","2025-04-15","newsletter","everyone",713,764,402,56.38
"161268798","Is Our Diagnostic Standard of Care a Dinosaur?","2025-04-14","newsletter","everyone",712,663,385,54.07
"161148779","üìàData for the Weekend: Standard of Care","2025-04-12","newsletter","everyone",708,730,390,55.08
"161059979","System C: The Food System Reimagined","2025-04-11","newsletter","everyone",708,730,394,55.65
"160818379","Part II - The Deathstar - The Science","2025-04-10","newsletter","everyone",706,759,391,55.38
"160812817","Part I - The Addictive Junk Food Empire","2025-04-09","newsletter","everyone",700,824,391,55.86
"160823228","How Much Would You Pay for an Avocado?","2025-04-08","newsletter","everyone",697,680,382,54.81
"160765966","Maybe a Broccoli Superbowl Commercial Isn't Off the Table","2025-04-07","newsletter","everyone",695,753,392,56.4
"160625742","üìàData for The Weekend: Digging into Victory Garden Revival","2025-04-05","newsletter","everyone",690,679,383,55.51
"160551234","The Victory Garden Movement : Then, Now, and the Future of a Healthier America","2025-04-04","restack","everyone",680,671,363,53.38
"160469659","Is Healthcare as Ultraprocessed as Food?","2025-04-03","newsletter","everyone",686,720,385,56.12
"160384852","Addressing the Pillars of Health","2025-04-02","podcast","everyone",683,806,379,55.49
"160290101","The Importance of Controversial Conversations","2025-04-01","newsletter","everyone",682,620,347,50.88
"159948503","Optimal dietary patterns for healthy aging","2025-03-31","newsletter","everyone",673,787,370,54.98
"160101850","üìàData for The Weekend: Health and Human Services","2025-03-29","newsletter","everyone",664,772,382,57.53
"160044581","HHS Announces ""Transformation to Make America Healthy Again""","2025-03-28","newsletter","everyone",661,1010,374,56.58
"159942256","Affordable Nutrition is More than Food","2025-03-27","newsletter","everyone",660,735,372,56.36
"159872995","Fan Favorites & Feedback","2025-03-26","newsletter","everyone",657,628,344,52.36
"159755217","The Food as Human Health & Healthcare Mindset Shift ","2025-03-25","newsletter","everyone",652,762,370,56.75
"159688157","Overseas Observations Food & Health","2025-03-24","newsletter","everyone",647,665,356,55.02
"159579133","Cost-Benefit Analysis: Commodity Crops vs. Diverse Nutrient-Dense Cropping ","2025-03-23","newsletter","only_paid",648,883,357,55.09
"159571164","üìàData for the Weekend: Who‚Äôs Really Shaping What You Eat?","2025-03-22","newsletter","everyone",647,748,365,56.41
"159476460","Novo and Lilly‚Äôs Price Games Are Slowing a Health Revolution","2025-03-21","newsletter","everyone",647,1142,349,53.94
"159399720","Health headlines are different across the pond","2025-03-20","newsletter","everyone",643,671,371,57.7
"159378360","Eat Real Food","2025-03-19","newsletter","everyone",647,655,332,51.31
"159296516","Does healthy food have to cost more than unhealthy food?","2025-03-18","newsletter","everyone",649,1003,366,56.39
"159187318","Critical Thinking: Questions for the Week","2025-03-17","newsletter","everyone",651,717,364,55.91
"159083225","üìàData for the Weekend: Accelerating Change","2025-03-15","newsletter","everyone",648,722,366,56.48
"159035583","Food Is Health Just Needs A Voice","2025-03-14","newsletter","everyone",637,1044,375,58.87
"158963888","A Magical Day On The Hill","2025-03-13","newsletter","everyone",630,1033,366,58.1
"158864180","Crushing Blow for Local Regenerative Farmers and Food Is Medicine","2025-03-12","newsletter","everyone",625,949,377,60.32
"158812105","Don't Kill the Message Just Because of the Messenger","2025-03-11","newsletter","everyone",619,865,343,55.41
"158741993","The Deeply Personal Dementia Tsunami","2025-03-10","newsletter","everyone",612,657,321,52.45
"158624558","üìàData for the Weekend: Food is Trade","2025-03-08","newsletter","everyone",603,917,337,55.89
"158520887","Novo Announces $499/mo cashpay","2025-03-07","newsletter","everyone",604,731,324,53.64
"158455320","Deep Dive: Food Power","2025-03-06","newsletter","everyone",604,1149,324,53.64
"158398208","French Fries The Poster Child of Change","2025-03-05","newsletter","everyone",601,699,341,56.74
"158328101","Is The Mighty Mitochondria The Decoder Ring?","2025-03-04","newsletter","everyone",592,626,334,56.42
"158253889","Are we too fixated on scientific data?","2025-03-03","newsletter","everyone",589,614,336,57.05
"158135659","üìàData for the Weekend: Sleep is Health","2025-03-02","newsletter","everyone",587,637,338,57.58
"158074171","Healthcare Can‚Äôt Solve Chronic Disease without Food & Ag ","2025-02-28","newsletter","everyone",578,697,321,55.54
"157995247","U.S. Healthcare Costs vs Longevity","2025-02-27","newsletter","everyone",575,625,311,54.09
"157927277","Sleep - N of 1 at it's finest","2025-02-26","newsletter","everyone",571,4417,324,56.74
"157837778","Imperfect Knowledge: The Mouse that Roared","2025-02-25","newsletter","everyone",564,700,319,56.56
"157777654","AI Primary Care + Wearables‚Ä¶","2025-02-24","newsletter","everyone",548,662,316,57.66
"157622118","üìàData for the Weekend: Feb 21, 2025 ","2025-02-22","newsletter","everyone",535,662,312,58.32
"157574708","Food Is Health Not Just Medicine","2025-02-21","newsletter","everyone",524,956,315,60.11
"157566284","Food is Health: A Note on Deeper Research","2025-02-20","newsletter","only_paid",26,44,20,76.92
"157512110","Customer Lifetime Value of Metabolic Syndrome","2025-02-20","newsletter","everyone",511,1338,298,58.32
"157429606","Is It Time for the Sledgehammer?","2025-02-19","newsletter","everyone",502,635,283,56.37
"157353631","Vive day 2: What we are Hearing","2025-02-18","newsletter","everyone",475,742,275,57.89
"157295746","Will Ag Be On the Mainstage at the Biggest Healthcare Conference Next Year?","2025-02-17","newsletter","everyone",434,546,258,59.45
"156136084","üìàData for the Weekend: Feb 15, 2025","2025-02-15","newsletter","everyone",374,733,219,58.56
"156497139","What would JFK Do? ","2025-02-14","newsletter","everyone",366,442,210,57.38
"157123586","Breaking: Executive Order for MAHA Commission","2025-02-14","newsletter","everyone",367,1061,238,64.85
"157033106","SNAP: The Backbone of America's Food System?","2025-02-13","newsletter","everyone",356,741,207,58.15
"156964834","The Enemy is Chronic Disease","2025-02-12","newsletter","everyone",347,565,205,59.08
"156902215","Miss the Broccoli Superbowl Commercial?","2025-02-11","newsletter","everyone",343,395,194,56.56
"156800686","The Egg Prices are too Damn High","2025-02-10","newsletter","everyone",341,422,209,61.29
"156705055","üìàData for The Weekend: Nutrition Density","2025-02-08","newsletter","everyone",328,426,204,62.2
"156643085","Food is Health: Who decides? Consumers, Science or Evolution? ","2025-02-07","newsletter","everyone",324,374,173,53.4
"156554016","N of 1: 10 Products for Early Adopters","2025-02-06","newsletter","everyone",307,472,195,63.52
"156489970","Food is Health: What others are Thinking","2025-02-05","newsletter","everyone",303,383,174,57.43
"156428237","Can Kirkland End the Chronic Disease Epidemic?","2025-02-04","restack","everyone",283,550,161,56.89
"156181216","To fix health, we need to fix food but that isn't enough...","2025-02-03","newsletter","everyone",284,342,161,56.69
"155592949","üìàData for The Weekend: Chronic Disease","2025-01-31","newsletter","everyone",262,375,148,56.49
"156036859","Food is Health: Reading Something Different","2025-01-30","newsletter","everyone",258,416,155,60.08
"155200226","The Great Label Debate","2025-01-29","podcast","everyone",248,316,145,58.47
"155872561","A Healthcare Simpleton's Take On DeepSeek‚Äôs Big AI Leap","2025-01-28","newsletter","everyone",241,271,137,56.85
"155799364","Sputnik Moment: DeepSeek‚Äôs Big AI Leap","2025-01-27","newsletter","everyone",235,346,129,54.89
"155555246","üìàData for The Weekend ","2025-01-24","newsletter","everyone",219,240,119,54.34
"155166031","A Few Food is Health Related Substacks ","2025-01-23","newsletter","everyone",214,253,124,57.94
"155389357","AI‚Äôs New Frontier in Personalized Nutrition and Health: A Tutorial","2025-01-22","newsletter","everyone",206,292,104,50.49
"155183538","Unmasking the USDA Dietary Guidelines: Leveraging AI to Propose New Standards","2025-01-21","newsletter","everyone",201,265,121,60.2
"155199356","Will we disrupt healthcare or overrule disruption?","2025-01-20","newsletter","everyone",193,290,119,61.66
"154778210","A Systematic Approach to the Food Is Health Revolution","2025-01-18","podcast","everyone",171,229,100,58.48
"154777936","üìàData for The Weekend ","2025-01-17","newsletter","everyone",158,219,89,56.33
"154491890","Innovations in FIH: Startups Part 1","2025-01-16","newsletter","everyone",145,189,83,57.24
"154779666","Fairlife of X","2025-01-15","newsletter","everyone",141,188,73,51.77
"154778043","Can Big Ag, Food, and Health Make America Healthy Again?","2025-01-14","newsletter","everyone",137,194,76,55.47
"154697160","Food, Feed, and Fuel","2025-01-13","newsletter","everyone",131,210,84,64.12
"154488184","Healthspan: Plan Your Decades, Not Just Your Years","2025-01-10","newsletter","everyone",125,132,78,62.4
"154400767","The Great Healthcare Shift: From Disease Management to Prevention","2025-01-09","newsletter","everyone",117,267,77,65.81
"154293438","Key Figures in the FIH Movement: Doctors","2025-01-08","newsletter","everyone",118,320,68,57.63
"154247016","The GLP-1 Revolution: How Appetite-Suppressing Drugs Are Changing Diets and Disrupting the Food Industry","2025-01-07","newsletter","everyone",112,157,69,61.61
"154235603","Seed Oils","2025-01-06","newsletter","everyone",102,133,62,60.78
"154149689","The Food is Health Revolution - Network","2025-01-04","newsletter","everyone",78,95,46,58.97
"154088056","Food Is Health: Reflecting on 2024 and Looking Ahead to 2025","2025-01-03","podcast","everyone",76,130,52,68.42
"152926476","Foodishealth.ai","2024-12-17","newsletter","everyone",72,97,43,59.72
"152980615","Food Is Health Policy: A National Imperative","2024-12-11","podcast","everyone",68,110,43,63.24
"152031392","Toxins and Our Health with Dr. Joseph Pizzorno","2024-11-22","podcast","everyone",54,57,26,48.15
"150677518","Transforming Health By Meeting People Where They Are","2024-10-29","podcast","everyone",44,104,18,40.91
"149636667","Better Health from the Ground Up with Matt Moreland","2024-10-01","podcast","everyone",39,71,23,58.97
"148354174","SoftLaunch: Food is Health Revolution Podcast","2024-08-31","newsletter","everyone",34,64,21,61.76
